age;Time;val
All ages;Year 2020 Week 01;0
00-10;Year 2020 Week 01;0
10-20;Year 2020 Week 01;0
20-30;Year 2020 Week 01;0
30-40;Year 2020 Week 01;0
40-50;Year 2020 Week 01;0
50-60;Year 2020 Week 01;0
60-70;Year 2020 Week 01;0
70-80;Year 2020 Week 01;0
80-;Year 2020 Week 01;0
All ages;Year 2020 Week 02;0
00-10;Year 2020 Week 02;0
10-20;Year 2020 Week 02;0
20-30;Year 2020 Week 02;0
30-40;Year 2020 Week 02;0
40-50;Year 2020 Week 02;0
50-60;Year 2020 Week 02;0
60-70;Year 2020 Week 02;0
70-80;Year 2020 Week 02;0
80-;Year 2020 Week 02;0
All ages;Year 2020 Week 03;0
00-10;Year 2020 Week 03;0
10-20;Year 2020 Week 03;0
20-30;Year 2020 Week 03;0
30-40;Year 2020 Week 03;0
40-50;Year 2020 Week 03;0
50-60;Year 2020 Week 03;0
60-70;Year 2020 Week 03;0
70-80;Year 2020 Week 03;0
80-;Year 2020 Week 03;0
All ages;Year 2020 Week 04;0
00-10;Year 2020 Week 04;0
10-20;Year 2020 Week 04;0
20-30;Year 2020 Week 04;0
30-40;Year 2020 Week 04;0
40-50;Year 2020 Week 04;0
50-60;Year 2020 Week 04;0
60-70;Year 2020 Week 04;0
70-80;Year 2020 Week 04;0
80-;Year 2020 Week 04;0
00-10;Year 2020 Week 05;0
10-20;Year 2020 Week 05;0
20-30;Year 2020 Week 05;0
30-40;Year 2020 Week 05;0
40-50;Year 2020 Week 05;0
50-60;Year 2020 Week 05;0
60-70;Year 2020 Week 05;0
70-80;Year 2020 Week 05;0
80-;Year 2020 Week 05;0
All ages;Year 2020 Week 05;1
00-10;Year 2020 Week 06;0
10-20;Year 2020 Week 06;0
20-30;Year 2020 Week 06;0
30-40;Year 2020 Week 06;0
40-50;Year 2020 Week 06;0
50-60;Year 2020 Week 06;0
60-70;Year 2020 Week 06;0
70-80;Year 2020 Week 06;0
80-;Year 2020 Week 06;0
All ages;Year 2020 Week 06;0
00-10;Year 2020 Week 07;0
10-20;Year 2020 Week 07;0
20-30;Year 2020 Week 07;0
30-40;Year 2020 Week 07;0
40-50;Year 2020 Week 07;0
50-60;Year 2020 Week 07;0
60-70;Year 2020 Week 07;0
70-80;Year 2020 Week 07;0
80-;Year 2020 Week 07;0
All ages;Year 2020 Week 07;1
00-10;Year 2020 Week 08;0
10-20;Year 2020 Week 08;0
20-30;Year 2020 Week 08;0
30-40;Year 2020 Week 08;0
40-50;Year 2020 Week 08;0
50-60;Year 2020 Week 08;0
60-70;Year 2020 Week 08;0
70-80;Year 2020 Week 08;0
80-;Year 2020 Week 08;0
All ages;Year 2020 Week 08;1
00-10;Year 2020 Week 09;0
10-20;Year 2020 Week 09;0
20-30;Year 2020 Week 09;0
30-40;Year 2020 Week 09;0
40-50;Year 2020 Week 09;0
50-60;Year 2020 Week 09;0
60-70;Year 2020 Week 09;0
70-80;Year 2020 Week 09;0
80-;Year 2020 Week 09;0
All ages;Year 2020 Week 09;7
00-10;Year 2020 Week 10;0
10-20;Year 2020 Week 10;0
20-30;Year 2020 Week 10;0
30-40;Year 2020 Week 10;6
40-50;Year 2020 Week 10;5
50-60;Year 2020 Week 10;12
60-70;Year 2020 Week 10;0
70-80;Year 2020 Week 10;0
80-;Year 2020 Week 10;0
All ages;Year 2020 Week 10;34
00-10;Year 2020 Week 11;0
10-20;Year 2020 Week 11;12
20-30;Year 2020 Week 11;56
30-40;Year 2020 Week 11;76
40-50;Year 2020 Week 11;65
50-60;Year 2020 Week 11;75
60-70;Year 2020 Week 11;23
70-80;Year 2020 Week 11;6
80-;Year 2020 Week 11;0
All ages;Year 2020 Week 11;317
00-10;Year 2020 Week 12;6
10-20;Year 2020 Week 12;16
20-30;Year 2020 Week 12;66
30-40;Year 2020 Week 12;98
40-50;Year 2020 Week 12;126
50-60;Year 2020 Week 12;111
60-70;Year 2020 Week 12;64
70-80;Year 2020 Week 12;43
80-;Year 2020 Week 12;10
All ages;Year 2020 Week 12;540
00-10;Year 2020 Week 13;10
10-20;Year 2020 Week 13;32
20-30;Year 2020 Week 13;98
30-40;Year 2020 Week 13;106
40-50;Year 2020 Week 13;110
50-60;Year 2020 Week 13;139
60-70;Year 2020 Week 13;76
70-80;Year 2020 Week 13;40
80-;Year 2020 Week 13;31
All ages;Year 2020 Week 13;642
00-10;Year 2020 Week 14;19
10-20;Year 2020 Week 14;45
20-30;Year 2020 Week 14;178
30-40;Year 2020 Week 14;153
40-50;Year 2020 Week 14;170
50-60;Year 2020 Week 14;179
60-70;Year 2020 Week 14;87
70-80;Year 2020 Week 14;60
80-;Year 2020 Week 14;75
All ages;Year 2020 Week 14;966
00-10;Year 2020 Week 15;15
10-20;Year 2020 Week 15;59
20-30;Year 2020 Week 15;152
30-40;Year 2020 Week 15;138
40-50;Year 2020 Week 15;137
50-60;Year 2020 Week 15;197
60-70;Year 2020 Week 15;96
70-80;Year 2020 Week 15;39
80-;Year 2020 Week 15;98
All ages;Year 2020 Week 15;931
00-10;Year 2020 Week 16;22
10-20;Year 2020 Week 16;41
20-30;Year 2020 Week 16;142
30-40;Year 2020 Week 16;123
40-50;Year 2020 Week 16;98
50-60;Year 2020 Week 16;148
60-70;Year 2020 Week 16;69
70-80;Year 2020 Week 16;48
80-;Year 2020 Week 16;99
All ages;Year 2020 Week 16;790
00-10;Year 2020 Week 17;33
10-20;Year 2020 Week 17;47
20-30;Year 2020 Week 17;150
30-40;Year 2020 Week 17;125
40-50;Year 2020 Week 17;96
50-60;Year 2020 Week 17;109
60-70;Year 2020 Week 17;65
70-80;Year 2020 Week 17;27
80-;Year 2020 Week 17;84
All ages;Year 2020 Week 17;736
00-10;Year 2020 Week 18;28
10-20;Year 2020 Week 18;32
20-30;Year 2020 Week 18;141
30-40;Year 2020 Week 18;150
40-50;Year 2020 Week 18;87
50-60;Year 2020 Week 18;89
60-70;Year 2020 Week 18;47
70-80;Year 2020 Week 18;19
80-;Year 2020 Week 18;30
All ages;Year 2020 Week 18;623
00-10;Year 2020 Week 19;27
10-20;Year 2020 Week 19;49
20-30;Year 2020 Week 19;123
30-40;Year 2020 Week 19;121
40-50;Year 2020 Week 19;108
50-60;Year 2020 Week 19;95
60-70;Year 2020 Week 19;37
70-80;Year 2020 Week 19;24
80-;Year 2020 Week 19;33
All ages;Year 2020 Week 19;617
00-10;Year 2020 Week 20;8
10-20;Year 2020 Week 20;25
20-30;Year 2020 Week 20;60
30-40;Year 2020 Week 20;95
40-50;Year 2020 Week 20;66
50-60;Year 2020 Week 20;70
60-70;Year 2020 Week 20;38
70-80;Year 2020 Week 20;10
80-;Year 2020 Week 20;24
All ages;Year 2020 Week 20;396
00-10;Year 2020 Week 21;18
10-20;Year 2020 Week 21;16
20-30;Year 2020 Week 21;39
30-40;Year 2020 Week 21;38
40-50;Year 2020 Week 21;36
50-60;Year 2020 Week 21;36
60-70;Year 2020 Week 21;17
70-80;Year 2020 Week 21;12
80-;Year 2020 Week 21;9
All ages;Year 2020 Week 21;221
00-10;Year 2020 Week 22;9
10-20;Year 2020 Week 22;17
20-30;Year 2020 Week 22;47
30-40;Year 2020 Week 22;24
40-50;Year 2020 Week 22;20
50-60;Year 2020 Week 22;22
60-70;Year 2020 Week 22;10
70-80;Year 2020 Week 22;9
80-;Year 2020 Week 22;5
All ages;Year 2020 Week 22;163
00-10;Year 2020 Week 23;6
10-20;Year 2020 Week 23;13
20-30;Year 2020 Week 23;20
30-40;Year 2020 Week 23;21
40-50;Year 2020 Week 23;13
50-60;Year 2020 Week 23;17
60-70;Year 2020 Week 23;0
70-80;Year 2020 Week 23;0
80-;Year 2020 Week 23;0
All ages;Year 2020 Week 23;99
00-10;Year 2020 Week 24;0
10-20;Year 2020 Week 24;0
20-30;Year 2020 Week 24;15
30-40;Year 2020 Week 24;15
40-50;Year 2020 Week 24;8
50-60;Year 2020 Week 24;0
60-70;Year 2020 Week 24;0
70-80;Year 2020 Week 24;0
80-;Year 2020 Week 24;0
All ages;Year 2020 Week 24;54
00-10;Year 2020 Week 25;7
10-20;Year 2020 Week 25;0
20-30;Year 2020 Week 25;9
30-40;Year 2020 Week 25;8
40-50;Year 2020 Week 25;7
50-60;Year 2020 Week 25;6
60-70;Year 2020 Week 25;0
70-80;Year 2020 Week 25;6
80-;Year 2020 Week 25;0
All ages;Year 2020 Week 25;51
00-10;Year 2020 Week 26;7
10-20;Year 2020 Week 26;0
20-30;Year 2020 Week 26;14
30-40;Year 2020 Week 26;7
40-50;Year 2020 Week 26;12
50-60;Year 2020 Week 26;8
60-70;Year 2020 Week 26;0
70-80;Year 2020 Week 26;0
80-;Year 2020 Week 26;0
All ages;Year 2020 Week 26;54
00-10;Year 2020 Week 27;0
10-20;Year 2020 Week 27;0
20-30;Year 2020 Week 27;6
30-40;Year 2020 Week 27;10
40-50;Year 2020 Week 27;10
50-60;Year 2020 Week 27;6
60-70;Year 2020 Week 27;0
70-80;Year 2020 Week 27;0
80-;Year 2020 Week 27;0
All ages;Year 2020 Week 27;46
00-10;Year 2020 Week 28;0
10-20;Year 2020 Week 28;0
20-30;Year 2020 Week 28;5
30-40;Year 2020 Week 28;8
40-50;Year 2020 Week 28;8
50-60;Year 2020 Week 28;5
60-70;Year 2020 Week 28;0
70-80;Year 2020 Week 28;0
80-;Year 2020 Week 28;0
All ages;Year 2020 Week 28;38
00-10;Year 2020 Week 29;8
10-20;Year 2020 Week 29;0
20-30;Year 2020 Week 29;12
30-40;Year 2020 Week 29;14
40-50;Year 2020 Week 29;0
50-60;Year 2020 Week 29;0
60-70;Year 2020 Week 29;0
70-80;Year 2020 Week 29;0
80-;Year 2020 Week 29;0
All ages;Year 2020 Week 29;43
00-10;Year 2020 Week 30;6
10-20;Year 2020 Week 30;6
20-30;Year 2020 Week 30;12
30-40;Year 2020 Week 30;14
40-50;Year 2020 Week 30;0
50-60;Year 2020 Week 30;5
60-70;Year 2020 Week 30;7
70-80;Year 2020 Week 30;0
80-;Year 2020 Week 30;0
All ages;Year 2020 Week 30;56
00-10;Year 2020 Week 31;0
10-20;Year 2020 Week 31;7
20-30;Year 2020 Week 31;19
30-40;Year 2020 Week 31;15
40-50;Year 2020 Week 31;25
50-60;Year 2020 Week 31;8
60-70;Year 2020 Week 31;0
70-80;Year 2020 Week 31;0
80-;Year 2020 Week 31;0
All ages;Year 2020 Week 31;84
00-10;Year 2020 Week 32;9
10-20;Year 2020 Week 32;12
20-30;Year 2020 Week 32;29
30-40;Year 2020 Week 32;57
40-50;Year 2020 Week 32;27
50-60;Year 2020 Week 32;14
60-70;Year 2020 Week 32;16
70-80;Year 2020 Week 32;0
80-;Year 2020 Week 32;0
All ages;Year 2020 Week 32;169
00-10;Year 2020 Week 33;11
10-20;Year 2020 Week 33;32
20-30;Year 2020 Week 33;47
30-40;Year 2020 Week 33;27
40-50;Year 2020 Week 33;21
50-60;Year 2020 Week 33;21
60-70;Year 2020 Week 33;10
70-80;Year 2020 Week 33;0
80-;Year 2020 Week 33;0
All ages;Year 2020 Week 33;175
00-10;Year 2020 Week 34;15
10-20;Year 2020 Week 34;33
20-30;Year 2020 Week 34;39
30-40;Year 2020 Week 34;31
40-50;Year 2020 Week 34;26
50-60;Year 2020 Week 34;29
60-70;Year 2020 Week 34;10
70-80;Year 2020 Week 34;0
80-;Year 2020 Week 34;7
All ages;Year 2020 Week 34;192
00-10;Year 2020 Week 35;12
10-20;Year 2020 Week 35;29
20-30;Year 2020 Week 35;46
30-40;Year 2020 Week 35;25
40-50;Year 2020 Week 35;15
50-60;Year 2020 Week 35;18
60-70;Year 2020 Week 35;7
70-80;Year 2020 Week 35;0
80-;Year 2020 Week 35;0
All ages;Year 2020 Week 35;156
00-10;Year 2020 Week 36;9
10-20;Year 2020 Week 36;42
20-30;Year 2020 Week 36;67
30-40;Year 2020 Week 36;42
40-50;Year 2020 Week 36;34
50-60;Year 2020 Week 36;20
60-70;Year 2020 Week 36;13
70-80;Year 2020 Week 36;5
80-;Year 2020 Week 36;0
All ages;Year 2020 Week 36;236
00-10;Year 2020 Week 37;11
10-20;Year 2020 Week 37;99
20-30;Year 2020 Week 37;92
30-40;Year 2020 Week 37;47
40-50;Year 2020 Week 37;34
50-60;Year 2020 Week 37;37
60-70;Year 2020 Week 37;17
70-80;Year 2020 Week 37;5
80-;Year 2020 Week 37;12
All ages;Year 2020 Week 37;354
00-10;Year 2020 Week 38;17
10-20;Year 2020 Week 38;82
20-30;Year 2020 Week 38;147
30-40;Year 2020 Week 38;95
40-50;Year 2020 Week 38;57
50-60;Year 2020 Week 38;37
60-70;Year 2020 Week 38;20
70-80;Year 2020 Week 38;10
80-;Year 2020 Week 38;5
All ages;Year 2020 Week 38;470
00-10;Year 2020 Week 39;27
10-20;Year 2020 Week 39;90
20-30;Year 2020 Week 39;206
30-40;Year 2020 Week 39;128
40-50;Year 2020 Week 39;100
50-60;Year 2020 Week 39;96
60-70;Year 2020 Week 39;52
70-80;Year 2020 Week 39;13
80-;Year 2020 Week 39;8
All ages;Year 2020 Week 39;720
00-10;Year 2020 Week 40;34
10-20;Year 2020 Week 40;108
20-30;Year 2020 Week 40;437
30-40;Year 2020 Week 40;152
40-50;Year 2020 Week 40;119
50-60;Year 2020 Week 40;151
60-70;Year 2020 Week 40;87
70-80;Year 2020 Week 40;34
80-;Year 2020 Week 40;8
All ages;Year 2020 Week 40;1130
00-10;Year 2020 Week 41;42
10-20;Year 2020 Week 41;214
20-30;Year 2020 Week 41;692
30-40;Year 2020 Week 41;222
40-50;Year 2020 Week 41;196
50-60;Year 2020 Week 41;149
60-70;Year 2020 Week 41;73
70-80;Year 2020 Week 41;28
80-;Year 2020 Week 41;10
All ages;Year 2020 Week 41;1626
00-10;Year 2020 Week 42;45
10-20;Year 2020 Week 42;197
20-30;Year 2020 Week 42;378
30-40;Year 2020 Week 42;210
40-50;Year 2020 Week 42;189
50-60;Year 2020 Week 42;136
60-70;Year 2020 Week 42;74
70-80;Year 2020 Week 42;29
80-;Year 2020 Week 42;17
All ages;Year 2020 Week 42;1275
00-10;Year 2020 Week 43;66
10-20;Year 2020 Week 43;175
20-30;Year 2020 Week 43;287
30-40;Year 2020 Week 43;261
40-50;Year 2020 Week 43;187
50-60;Year 2020 Week 43;145
60-70;Year 2020 Week 43;78
70-80;Year 2020 Week 43;36
80-;Year 2020 Week 43;13
All ages;Year 2020 Week 43;1248
00-10;Year 2020 Week 44;106
10-20;Year 2020 Week 44;291
20-30;Year 2020 Week 44;290
30-40;Year 2020 Week 44;266
40-50;Year 2020 Week 44;204
50-60;Year 2020 Week 44;187
60-70;Year 2020 Week 44;65
70-80;Year 2020 Week 44;32
80-;Year 2020 Week 44;15
All ages;Year 2020 Week 44;1456
00-10;Year 2020 Week 45;115
10-20;Year 2020 Week 45;247
20-30;Year 2020 Week 45;271
30-40;Year 2020 Week 45;266
40-50;Year 2020 Week 45;215
50-60;Year 2020 Week 45;172
60-70;Year 2020 Week 45;85
70-80;Year 2020 Week 45;25
80-;Year 2020 Week 45;20
All ages;Year 2020 Week 45;1416
00-10;Year 2020 Week 46;95
10-20;Year 2020 Week 46;233
20-30;Year 2020 Week 46;310
30-40;Year 2020 Week 46;309
40-50;Year 2020 Week 46;283
50-60;Year 2020 Week 46;209
60-70;Year 2020 Week 46;110
70-80;Year 2020 Week 46;56
80-;Year 2020 Week 46;47
All ages;Year 2020 Week 46;1652
00-10;Year 2020 Week 47;145
10-20;Year 2020 Week 47;365
20-30;Year 2020 Week 47;512
30-40;Year 2020 Week 47;484
40-50;Year 2020 Week 47;433
50-60;Year 2020 Week 47;332
60-70;Year 2020 Week 47;174
70-80;Year 2020 Week 47;86
80-;Year 2020 Week 47;70
All ages;Year 2020 Week 47;2601
00-10;Year 2020 Week 48;158
10-20;Year 2020 Week 48;391
20-30;Year 2020 Week 48;686
30-40;Year 2020 Week 48;634
40-50;Year 2020 Week 48;483
50-60;Year 2020 Week 48;399
60-70;Year 2020 Week 48;221
70-80;Year 2020 Week 48;103
80-;Year 2020 Week 48;62
All ages;Year 2020 Week 48;3137
00-10;Year 2020 Week 49;170
10-20;Year 2020 Week 49;392
20-30;Year 2020 Week 49;637
30-40;Year 2020 Week 49;544
40-50;Year 2020 Week 49;427
50-60;Year 2020 Week 49;402
60-70;Year 2020 Week 49;195
70-80;Year 2020 Week 49;140
80-;Year 2020 Week 49;108
All ages;Year 2020 Week 49;3015
00-10;Year 2020 Week 50;206
10-20;Year 2020 Week 50;364
20-30;Year 2020 Week 50;561
30-40;Year 2020 Week 50;515
40-50;Year 2020 Week 50;443
50-60;Year 2020 Week 50;372
60-70;Year 2020 Week 50;195
70-80;Year 2020 Week 50;137
80-;Year 2020 Week 50;114
All ages;Year 2020 Week 50;2907
00-10;Year 2020 Week 51;152
10-20;Year 2020 Week 51;261
20-30;Year 2020 Week 51;474
30-40;Year 2020 Week 51;443
40-50;Year 2020 Week 51;327
50-60;Year 2020 Week 51;305
60-70;Year 2020 Week 51;174
70-80;Year 2020 Week 51;102
80-;Year 2020 Week 51;90
All ages;Year 2020 Week 51;2328
00-10;Year 2020 Week 52;113
10-20;Year 2020 Week 52;200
20-30;Year 2020 Week 52;346
30-40;Year 2020 Week 52;304
40-50;Year 2020 Week 52;249
50-60;Year 2020 Week 52;206
60-70;Year 2020 Week 52;110
70-80;Year 2020 Week 52;75
80-;Year 2020 Week 52;51
All ages;Year 2020 Week 52;1654
00-10;Year 2020 Week 53;129
10-20;Year 2020 Week 53;222
20-30;Year 2020 Week 53;368
30-40;Year 2020 Week 53;332
40-50;Year 2020 Week 53;288
50-60;Year 2020 Week 53;227
60-70;Year 2020 Week 53;140
70-80;Year 2020 Week 53;72
80-;Year 2020 Week 53;71
All ages;Year 2020 Week 53;1849
00-10;Year 2021 Week 01;99
10-20;Year 2021 Week 01;214
20-30;Year 2021 Week 01;484
30-40;Year 2021 Week 01;376
40-50;Year 2021 Week 01;304
50-60;Year 2021 Week 01;236
60-70;Year 2021 Week 01;125
70-80;Year 2021 Week 01;64
80-;Year 2021 Week 01;50
All ages;Year 2021 Week 01;1952
00-10;Year 2021 Week 02;142
10-20;Year 2021 Week 02;211
20-30;Year 2021 Week 02;378
30-40;Year 2021 Week 02;349
40-50;Year 2021 Week 02;277
50-60;Year 2021 Week 02;199
60-70;Year 2021 Week 02;99
70-80;Year 2021 Week 02;58
80-;Year 2021 Week 02;57
All ages;Year 2021 Week 02;1770
00-10;Year 2021 Week 03;174
10-20;Year 2021 Week 03;327
20-30;Year 2021 Week 03;519
30-40;Year 2021 Week 03;468
40-50;Year 2021 Week 03;321
50-60;Year 2021 Week 03;291
60-70;Year 2021 Week 03;148
70-80;Year 2021 Week 03;50
80-;Year 2021 Week 03;56
All ages;Year 2021 Week 03;2354
00-10;Year 2021 Week 04;204
10-20;Year 2021 Week 04;386
20-30;Year 2021 Week 04;680
30-40;Year 2021 Week 04;474
40-50;Year 2021 Week 04;363
50-60;Year 2021 Week 04;317
60-70;Year 2021 Week 04;177
70-80;Year 2021 Week 04;64
80-;Year 2021 Week 04;48
All ages;Year 2021 Week 04;2713
00-10;Year 2021 Week 05;243
10-20;Year 2021 Week 05;379
20-30;Year 2021 Week 05;615
30-40;Year 2021 Week 05;505
40-50;Year 2021 Week 05;388
50-60;Year 2021 Week 05;287
60-70;Year 2021 Week 05;113
70-80;Year 2021 Week 05;46
80-;Year 2021 Week 05;34
All ages;Year 2021 Week 05;2610
00-10;Year 2021 Week 06;257
10-20;Year 2021 Week 06;401
20-30;Year 2021 Week 06;525
30-40;Year 2021 Week 06;454
40-50;Year 2021 Week 06;390
50-60;Year 2021 Week 06;266
60-70;Year 2021 Week 06;150
70-80;Year 2021 Week 06;60
80-;Year 2021 Week 06;51
All ages;Year 2021 Week 06;2554
00-10;Year 2021 Week 07;350
10-20;Year 2021 Week 07;500
20-30;Year 2021 Week 07;748
30-40;Year 2021 Week 07;682
40-50;Year 2021 Week 07;560
50-60;Year 2021 Week 07;405
60-70;Year 2021 Week 07;195
70-80;Year 2021 Week 07;64
80-;Year 2021 Week 07;51
All ages;Year 2021 Week 07;3555
00-10;Year 2021 Week 08;380
10-20;Year 2021 Week 08;507
20-30;Year 2021 Week 08;782
30-40;Year 2021 Week 08;756
40-50;Year 2021 Week 08;645
50-60;Year 2021 Week 08;514
60-70;Year 2021 Week 08;241
70-80;Year 2021 Week 08;118
80-;Year 2021 Week 08;52
All ages;Year 2021 Week 08;3995
00-10;Year 2021 Week 09;511
10-20;Year 2021 Week 09;679
20-30;Year 2021 Week 09;852
30-40;Year 2021 Week 09;810
40-50;Year 2021 Week 09;707
50-60;Year 2021 Week 09;503
60-70;Year 2021 Week 09;236
70-80;Year 2021 Week 09;101
80-;Year 2021 Week 09;55
All ages;Year 2021 Week 09;4454
00-10;Year 2021 Week 10;549
10-20;Year 2021 Week 10;720
20-30;Year 2021 Week 10;1055
30-40;Year 2021 Week 10;939
40-50;Year 2021 Week 10;755
50-60;Year 2021 Week 10;475
60-70;Year 2021 Week 10;263
70-80;Year 2021 Week 10;129
80-;Year 2021 Week 10;59
All ages;Year 2021 Week 10;4944
00-10;Year 2021 Week 11;599
10-20;Year 2021 Week 11;664
20-30;Year 2021 Week 11;943
30-40;Year 2021 Week 11;863
40-50;Year 2021 Week 11;695
50-60;Year 2021 Week 11;530
60-70;Year 2021 Week 11;249
70-80;Year 2021 Week 11;104
80-;Year 2021 Week 11;63
All ages;Year 2021 Week 11;4710
00-10;Year 2021 Week 12;537
10-20;Year 2021 Week 12;644
20-30;Year 2021 Week 12;812
30-40;Year 2021 Week 12;733
40-50;Year 2021 Week 12;635
50-60;Year 2021 Week 12;458
60-70;Year 2021 Week 12;189
70-80;Year 2021 Week 12;106
80-;Year 2021 Week 12;72
All ages;Year 2021 Week 12;4186
00-10;Year 2021 Week 13;433
10-20;Year 2021 Week 13;556
20-30;Year 2021 Week 13;595
30-40;Year 2021 Week 13;592
40-50;Year 2021 Week 13;472
50-60;Year 2021 Week 13;339
60-70;Year 2021 Week 13;160
70-80;Year 2021 Week 13;85
80-;Year 2021 Week 13;40
All ages;Year 2021 Week 13;3272
00-10;Year 2021 Week 14;357
10-20;Year 2021 Week 14;424
20-30;Year 2021 Week 14;417
30-40;Year 2021 Week 14;456
40-50;Year 2021 Week 14;369
50-60;Year 2021 Week 14;303
60-70;Year 2021 Week 14;133
70-80;Year 2021 Week 14;55
80-;Year 2021 Week 14;38
All ages;Year 2021 Week 14;2552
00-10;Year 2021 Week 15;240
10-20;Year 2021 Week 15;313
20-30;Year 2021 Week 15;353
30-40;Year 2021 Week 15;357
40-50;Year 2021 Week 15;297
50-60;Year 2021 Week 15;201
60-70;Year 2021 Week 15;101
70-80;Year 2021 Week 15;44
80-;Year 2021 Week 15;31
All ages;Year 2021 Week 15;1937
00-10;Year 2021 Week 16;208
10-20;Year 2021 Week 16;243
20-30;Year 2021 Week 16;312
30-40;Year 2021 Week 16;280
40-50;Year 2021 Week 16;252
50-60;Year 2021 Week 16;174
60-70;Year 2021 Week 16;79
70-80;Year 2021 Week 16;37
80-;Year 2021 Week 16;25
All ages;Year 2021 Week 16;1610
00-10;Year 2021 Week 17;186
10-20;Year 2021 Week 17;222
20-30;Year 2021 Week 17;232
30-40;Year 2021 Week 17;248
40-50;Year 2021 Week 17;229
50-60;Year 2021 Week 17;137
60-70;Year 2021 Week 17;78
70-80;Year 2021 Week 17;31
80-;Year 2021 Week 17;26
All ages;Year 2021 Week 17;1389
00-10;Year 2021 Week 18;176
10-20;Year 2021 Week 18;241
20-30;Year 2021 Week 18;255
30-40;Year 2021 Week 18;298
40-50;Year 2021 Week 18;234
50-60;Year 2021 Week 18;168
60-70;Year 2021 Week 18;80
70-80;Year 2021 Week 18;30
80-;Year 2021 Week 18;20
All ages;Year 2021 Week 18;1502
00-10;Year 2021 Week 19;167
10-20;Year 2021 Week 19;250
20-30;Year 2021 Week 19;270
30-40;Year 2021 Week 19;246
40-50;Year 2021 Week 19;213
50-60;Year 2021 Week 19;149
60-70;Year 2021 Week 19;67
70-80;Year 2021 Week 19;40
80-;Year 2021 Week 19;29
All ages;Year 2021 Week 19;1431
00-10;Year 2021 Week 20;163
10-20;Year 2021 Week 20;209
20-30;Year 2021 Week 20;200
30-40;Year 2021 Week 20;252
40-50;Year 2021 Week 20;227
50-60;Year 2021 Week 20;132
60-70;Year 2021 Week 20;72
70-80;Year 2021 Week 20;43
80-;Year 2021 Week 20;21
All ages;Year 2021 Week 20;1319
00-10;Year 2021 Week 21;119
10-20;Year 2021 Week 21;148
20-30;Year 2021 Week 21;158
30-40;Year 2021 Week 21;178
40-50;Year 2021 Week 21;127
50-60;Year 2021 Week 21;87
60-70;Year 2021 Week 21;43
70-80;Year 2021 Week 21;24
80-;Year 2021 Week 21;6
All ages;Year 2021 Week 21;890
00-10;Year 2021 Week 22;96
10-20;Year 2021 Week 22;93
20-30;Year 2021 Week 22;136
30-40;Year 2021 Week 22;176
40-50;Year 2021 Week 22;102
50-60;Year 2021 Week 22;75
60-70;Year 2021 Week 22;31
70-80;Year 2021 Week 22;11
80-;Year 2021 Week 22;6
All ages;Year 2021 Week 22;726
00-10;Year 2021 Week 23;55
10-20;Year 2021 Week 23;95
20-30;Year 2021 Week 23;134
30-40;Year 2021 Week 23;114
40-50;Year 2021 Week 23;84
50-60;Year 2021 Week 23;45
60-70;Year 2021 Week 23;21
70-80;Year 2021 Week 23;10
80-;Year 2021 Week 23;0
All ages;Year 2021 Week 23;559
00-10;Year 2021 Week 24;38
10-20;Year 2021 Week 24;80
20-30;Year 2021 Week 24;112
30-40;Year 2021 Week 24;133
40-50;Year 2021 Week 24;91
50-60;Year 2021 Week 24;36
60-70;Year 2021 Week 24;36
70-80;Year 2021 Week 24;14
80-;Year 2021 Week 24;0
All ages;Year 2021 Week 24;543
00-10;Year 2021 Week 25;45
10-20;Year 2021 Week 25;102
20-30;Year 2021 Week 25;338
30-40;Year 2021 Week 25;205
40-50;Year 2021 Week 25;152
50-60;Year 2021 Week 25;74
60-70;Year 2021 Week 25;41
70-80;Year 2021 Week 25;12
80-;Year 2021 Week 25;0
All ages;Year 2021 Week 25;971
00-10;Year 2021 Week 26;70
10-20;Year 2021 Week 26;166
20-30;Year 2021 Week 26;473
30-40;Year 2021 Week 26;206
40-50;Year 2021 Week 26;156
50-60;Year 2021 Week 26;146
60-70;Year 2021 Week 26;52
70-80;Year 2021 Week 26;22
80-;Year 2021 Week 26;0
All ages;Year 2021 Week 26;1293
00-10;Year 2021 Week 27;100
10-20;Year 2021 Week 27;425
20-30;Year 2021 Week 27;511
30-40;Year 2021 Week 27;230
40-50;Year 2021 Week 27;196
50-60;Year 2021 Week 27;153
60-70;Year 2021 Week 27;54
70-80;Year 2021 Week 27;23
80-;Year 2021 Week 27;0
All ages;Year 2021 Week 27;1696
00-10;Year 2021 Week 28;121
10-20;Year 2021 Week 28;495
20-30;Year 2021 Week 28;808
30-40;Year 2021 Week 28;313
40-50;Year 2021 Week 28;235
50-60;Year 2021 Week 28;177
60-70;Year 2021 Week 28;68
70-80;Year 2021 Week 28;13
80-;Year 2021 Week 28;10
All ages;Year 2021 Week 28;2240
00-10;Year 2021 Week 29;190
10-20;Year 2021 Week 29;536
20-30;Year 2021 Week 29;1020
30-40;Year 2021 Week 29;527
40-50;Year 2021 Week 29;300
50-60;Year 2021 Week 29;231
60-70;Year 2021 Week 29;85
70-80;Year 2021 Week 29;22
80-;Year 2021 Week 29;13
All ages;Year 2021 Week 29;2924
00-10;Year 2021 Week 30;313
10-20;Year 2021 Week 30;795
20-30;Year 2021 Week 30;1488
30-40;Year 2021 Week 30;908
40-50;Year 2021 Week 30;594
50-60;Year 2021 Week 30;360
60-70;Year 2021 Week 30;134
70-80;Year 2021 Week 30;28
80-;Year 2021 Week 30;37
All ages;Year 2021 Week 30;4657
00-10;Year 2021 Week 31;456
10-20;Year 2021 Week 31;911
20-30;Year 2021 Week 31;1422
30-40;Year 2021 Week 31;995
40-50;Year 2021 Week 31;702
50-60;Year 2021 Week 31;395
60-70;Year 2021 Week 31;153
70-80;Year 2021 Week 31;33
80-;Year 2021 Week 31;30
All ages;Year 2021 Week 31;5097
00-10;Year 2021 Week 32;584
10-20;Year 2021 Week 32;1008
20-30;Year 2021 Week 32;1427
30-40;Year 2021 Week 32;926
40-50;Year 2021 Week 32;643
50-60;Year 2021 Week 32;402
60-70;Year 2021 Week 32;122
70-80;Year 2021 Week 32;40
80-;Year 2021 Week 32;34
All ages;Year 2021 Week 32;5186
00-10;Year 2021 Week 33;691
10-20;Year 2021 Week 33;942
20-30;Year 2021 Week 33;954
30-40;Year 2021 Week 33;791
40-50;Year 2021 Week 33;564
50-60;Year 2021 Week 33;273
60-70;Year 2021 Week 33;100
70-80;Year 2021 Week 33;45
80-;Year 2021 Week 33;30
All ages;Year 2021 Week 33;4390
00-10;Year 2021 Week 34;743
10-20;Year 2021 Week 34;1044
20-30;Year 2021 Week 34;736
30-40;Year 2021 Week 34;784
40-50;Year 2021 Week 34;492
50-60;Year 2021 Week 34;242
60-70;Year 2021 Week 34;98
70-80;Year 2021 Week 34;50
80-;Year 2021 Week 34;21
All ages;Year 2021 Week 34;4210
00-10;Year 2021 Week 35;689
10-20;Year 2021 Week 35;878
20-30;Year 2021 Week 35;620
30-40;Year 2021 Week 35;735
40-50;Year 2021 Week 35;524
50-60;Year 2021 Week 35;227
60-70;Year 2021 Week 35;101
70-80;Year 2021 Week 35;64
80-;Year 2021 Week 35;54
All ages;Year 2021 Week 35;3892
00-10;Year 2021 Week 36;512
10-20;Year 2021 Week 36;612
20-30;Year 2021 Week 36;624
30-40;Year 2021 Week 36;602
40-50;Year 2021 Week 36;392
50-60;Year 2021 Week 36;185
60-70;Year 2021 Week 36;96
70-80;Year 2021 Week 36;56
80-;Year 2021 Week 36;70
All ages;Year 2021 Week 36;3149
00-10;Year 2021 Week 37;416
10-20;Year 2021 Week 37;443
20-30;Year 2021 Week 37;718
30-40;Year 2021 Week 37;527
40-50;Year 2021 Week 37;345
50-60;Year 2021 Week 37;170
60-70;Year 2021 Week 37;122
70-80;Year 2021 Week 37;38
80-;Year 2021 Week 37;38
All ages;Year 2021 Week 37;2817
00-10;Year 2021 Week 38;403
10-20;Year 2021 Week 38;476
20-30;Year 2021 Week 38;732
30-40;Year 2021 Week 38;576
40-50;Year 2021 Week 38;377
50-60;Year 2021 Week 38;226
60-70;Year 2021 Week 38;126
70-80;Year 2021 Week 38;64
80-;Year 2021 Week 38;46
All ages;Year 2021 Week 38;3026
00-10;Year 2021 Week 39;529
10-20;Year 2021 Week 39;728
20-30;Year 2021 Week 39;799
30-40;Year 2021 Week 39;721
40-50;Year 2021 Week 39;489
50-60;Year 2021 Week 39;295
60-70;Year 2021 Week 39;190
70-80;Year 2021 Week 39;106
80-;Year 2021 Week 39;75
All ages;Year 2021 Week 39;3932
00-10;Year 2021 Week 40;640
10-20;Year 2021 Week 40;797
20-30;Year 2021 Week 40;788
30-40;Year 2021 Week 40;776
40-50;Year 2021 Week 40;486
50-60;Year 2021 Week 40;352
60-70;Year 2021 Week 40;215
70-80;Year 2021 Week 40;104
80-;Year 2021 Week 40;110
All ages;Year 2021 Week 40;4268
00-10;Year 2021 Week 41;620
10-20;Year 2021 Week 41;697
20-30;Year 2021 Week 41;608
30-40;Year 2021 Week 41;656
40-50;Year 2021 Week 41;511
50-60;Year 2021 Week 41;297
60-70;Year 2021 Week 41;162
70-80;Year 2021 Week 41;100
80-;Year 2021 Week 41;81
All ages;Year 2021 Week 41;3732
00-10;Year 2021 Week 42;608
10-20;Year 2021 Week 42;711
20-30;Year 2021 Week 42;520
30-40;Year 2021 Week 42;648
40-50;Year 2021 Week 42;501
50-60;Year 2021 Week 42;320
60-70;Year 2021 Week 42;198
70-80;Year 2021 Week 42;103
80-;Year 2021 Week 42;87
All ages;Year 2021 Week 42;3696
00-10;Year 2021 Week 43;602
10-20;Year 2021 Week 43;775
20-30;Year 2021 Week 43;630
30-40;Year 2021 Week 43;773
40-50;Year 2021 Week 43;648
50-60;Year 2021 Week 43;339
60-70;Year 2021 Week 43;241
70-80;Year 2021 Week 43;129
80-;Year 2021 Week 43;109
All ages;Year 2021 Week 43;4246
00-10;Year 2021 Week 44;887
10-20;Year 2021 Week 44;1040
20-30;Year 2021 Week 44;669
30-40;Year 2021 Week 44;871
40-50;Year 2021 Week 44;749
50-60;Year 2021 Week 44;379
60-70;Year 2021 Week 44;279
70-80;Year 2021 Week 44;147
80-;Year 2021 Week 44;142
All ages;Year 2021 Week 44;5163
00-10;Year 2021 Week 45;1173
10-20;Year 2021 Week 45;1158
20-30;Year 2021 Week 45;753
30-40;Year 2021 Week 45;1035
40-50;Year 2021 Week 45;873
50-60;Year 2021 Week 45;413
60-70;Year 2021 Week 45;293
70-80;Year 2021 Week 45;170
80-;Year 2021 Week 45;127
All ages;Year 2021 Week 45;5995
00-10;Year 2021 Week 46;1435
10-20;Year 2021 Week 46;1373
20-30;Year 2021 Week 46;956
30-40;Year 2021 Week 46;1224
40-50;Year 2021 Week 46;1137
50-60;Year 2021 Week 46;536
60-70;Year 2021 Week 46;416
70-80;Year 2021 Week 46;259
80-;Year 2021 Week 46;162
All ages;Year 2021 Week 46;7498
00-10;Year 2021 Week 47;1660
10-20;Year 2021 Week 47;1488
20-30;Year 2021 Week 47;889
30-40;Year 2021 Week 47;1374
40-50;Year 2021 Week 47;1200
50-60;Year 2021 Week 47;656
60-70;Year 2021 Week 47;412
70-80;Year 2021 Week 47;320
80-;Year 2021 Week 47;184
All ages;Year 2021 Week 47;8183
00-10;Year 2021 Week 48;1895
10-20;Year 2021 Week 48;1744
20-30;Year 2021 Week 48;1037
30-40;Year 2021 Week 48;1632
40-50;Year 2021 Week 48;1431
50-60;Year 2021 Week 48;812
60-70;Year 2021 Week 48;514
70-80;Year 2021 Week 48;296
80-;Year 2021 Week 48;178
All ages;Year 2021 Week 48;9539
00-10;Year 2021 Week 49;1959
10-20;Year 2021 Week 49;1902
20-30;Year 2021 Week 49;1199
30-40;Year 2021 Week 49;1877
40-50;Year 2021 Week 49;1749
50-60;Year 2021 Week 49;884
60-70;Year 2021 Week 49;547
70-80;Year 2021 Week 49;353
80-;Year 2021 Week 49;163
All ages;Year 2021 Week 49;10633
00-10;Year 2021 Week 50;2249
10-20;Year 2021 Week 50;2425
20-30;Year 2021 Week 50;1932
30-40;Year 2021 Week 50;2397
40-50;Year 2021 Week 50;2227
50-60;Year 2021 Week 50;1255
60-70;Year 2021 Week 50;820
70-80;Year 2021 Week 50;393
80-;Year 2021 Week 50;127
All ages;Year 2021 Week 50;13825
00-10;Year 2021 Week 51;2615
10-20;Year 2021 Week 51;3103
20-30;Year 2021 Week 51;4570
30-40;Year 2021 Week 51;4280
40-50;Year 2021 Week 51;3593
50-60;Year 2021 Week 51;2033
60-70;Year 2021 Week 51;1077
70-80;Year 2021 Week 51;427
80-;Year 2021 Week 51;200
All ages;Year 2021 Week 51;21898
00-10;Year 2021 Week 52;3518
10-20;Year 2021 Week 52;5743
20-30;Year 2021 Week 52;8955
30-40;Year 2021 Week 52;8503
40-50;Year 2021 Week 52;7378
50-60;Year 2021 Week 52;5446
60-70;Year 2021 Week 52;2800
70-80;Year 2021 Week 52;1143
80-;Year 2021 Week 52;537
All ages;Year 2021 Week 52;44023
00-10;Year 2022 Week 01;4010
10-20;Year 2022 Week 01;8570
20-30;Year 2022 Week 01;15504
30-40;Year 2022 Week 01;10911
40-50;Year 2022 Week 01;8823
50-60;Year 2022 Week 01;6542
60-70;Year 2022 Week 01;2894
70-80;Year 2022 Week 01;1045
80-;Year 2022 Week 01;675
All ages;Year 2022 Week 01;58974
00-10;Year 2022 Week 02;5581
10-20;Year 2022 Week 02;10633
20-30;Year 2022 Week 02;11770
30-40;Year 2022 Week 02;11233
40-50;Year 2022 Week 02;9490
50-60;Year 2022 Week 02;6761
60-70;Year 2022 Week 02;2831
70-80;Year 2022 Week 02;1007
80-;Year 2022 Week 02;690
All ages;Year 2022 Week 02;59996
00-10;Year 2022 Week 03;7129
10-20;Year 2022 Week 03;10379
20-30;Year 2022 Week 03;8908
30-40;Year 2022 Week 03;11649
40-50;Year 2022 Week 03;9522
50-60;Year 2022 Week 03;5214
60-70;Year 2022 Week 03;1948
70-80;Year 2022 Week 03;737
80-;Year 2022 Week 03;843
All ages;Year 2022 Week 03;56329
00-10;Year 2022 Week 04;5962
10-20;Year 2022 Week 04;8131
20-30;Year 2022 Week 04;6966
30-40;Year 2022 Week 04;11057
40-50;Year 2022 Week 04;8917
50-60;Year 2022 Week 04;3996
60-70;Year 2022 Week 04;1515
70-80;Year 2022 Week 04;538
80-;Year 2022 Week 04;668
All ages;Year 2022 Week 04;47750
00-10;Year 2022 Week 05;4845
10-20;Year 2022 Week 05;7018
20-30;Year 2022 Week 05;6768
30-40;Year 2022 Week 05;10826
40-50;Year 2022 Week 05;8525
50-60;Year 2022 Week 05;3754
60-70;Year 2022 Week 05;1355
70-80;Year 2022 Week 05;543
80-;Year 2022 Week 05;672
All ages;Year 2022 Week 05;44306
00-10;Year 2022 Week 06;4347
10-20;Year 2022 Week 06;7005
20-30;Year 2022 Week 06;7037
30-40;Year 2022 Week 06;11126
40-50;Year 2022 Week 06;8986
50-60;Year 2022 Week 06;4000
60-70;Year 2022 Week 06;1564
70-80;Year 2022 Week 06;660
80-;Year 2022 Week 06;708
All ages;Year 2022 Week 06;45433
00-10;Year 2022 Week 07;3725
10-20;Year 2022 Week 07;6902
20-30;Year 2022 Week 07;7132
30-40;Year 2022 Week 07;10773
40-50;Year 2022 Week 07;8718
50-60;Year 2022 Week 07;4323
60-70;Year 2022 Week 07;1760
70-80;Year 2022 Week 07;770
80-;Year 2022 Week 07;888
All ages;Year 2022 Week 07;44991
00-10;Year 2022 Week 08;2785
10-20;Year 2022 Week 08;5497
20-30;Year 2022 Week 08;8381
30-40;Year 2022 Week 08;10684
40-50;Year 2022 Week 08;8757
50-60;Year 2022 Week 08;4854
60-70;Year 2022 Week 08;1908
70-80;Year 2022 Week 08;828
80-;Year 2022 Week 08;939
All ages;Year 2022 Week 08;44633
00-10;Year 2022 Week 09;2060
10-20;Year 2022 Week 09;4693
20-30;Year 2022 Week 09;8897
30-40;Year 2022 Week 09;10158
40-50;Year 2022 Week 09;8585
50-60;Year 2022 Week 09;5460
60-70;Year 2022 Week 09;2251
70-80;Year 2022 Week 09;1022
80-;Year 2022 Week 09;1193
All ages;Year 2022 Week 09;44319
00-10;Year 2022 Week 10;2075
10-20;Year 2022 Week 10;4850
20-30;Year 2022 Week 10;12831
30-40;Year 2022 Week 10;10881
40-50;Year 2022 Week 10;9068
50-60;Year 2022 Week 10;6323
60-70;Year 2022 Week 10;2769
70-80;Year 2022 Week 10;1213
80-;Year 2022 Week 10;1532
All ages;Year 2022 Week 10;51542
00-10;Year 2022 Week 11;1972
10-20;Year 2022 Week 11;4545
20-30;Year 2022 Week 11;11923
30-40;Year 2022 Week 11;11537
40-50;Year 2022 Week 11;10016
50-60;Year 2022 Week 11;7603
60-70;Year 2022 Week 11;3231
70-80;Year 2022 Week 11;1503
80-;Year 2022 Week 11;1634
All ages;Year 2022 Week 11;53964
00-10;Year 2022 Week 12;1813
10-20;Year 2022 Week 12;4104
20-30;Year 2022 Week 12;9986
30-40;Year 2022 Week 12;11418
40-50;Year 2022 Week 12;10207
50-60;Year 2022 Week 12;8412
60-70;Year 2022 Week 12;3841
70-80;Year 2022 Week 12;1836
80-;Year 2022 Week 12;2045
All ages;Year 2022 Week 12;53662
00-10;Year 2022 Week 13;1460
10-20;Year 2022 Week 13;3071
20-30;Year 2022 Week 13;7658
30-40;Year 2022 Week 13;9125
40-50;Year 2022 Week 13;8576
50-60;Year 2022 Week 13;7558
60-70;Year 2022 Week 13;3535
70-80;Year 2022 Week 13;1701
80-;Year 2022 Week 13;1827
All ages;Year 2022 Week 13;44511
00-10;Year 2022 Week 14;1045
10-20;Year 2022 Week 14;2838
20-30;Year 2022 Week 14;6061
30-40;Year 2022 Week 14;7629
40-50;Year 2022 Week 14;7382
50-60;Year 2022 Week 14;6701
60-70;Year 2022 Week 14;3124
70-80;Year 2022 Week 14;1455
80-;Year 2022 Week 14;1758
All ages;Year 2022 Week 14;37993
00-10;Year 2022 Week 15;758
10-20;Year 2022 Week 15;1931
20-30;Year 2022 Week 15;4559
30-40;Year 2022 Week 15;5741
40-50;Year 2022 Week 15;5703
50-60;Year 2022 Week 15;5290
60-70;Year 2022 Week 15;2461
70-80;Year 2022 Week 15;1338
80-;Year 2022 Week 15;1636
All ages;Year 2022 Week 15;29417
00-10;Year 2022 Week 16;622
10-20;Year 2022 Week 16;1434
20-30;Year 2022 Week 16;4438
30-40;Year 2022 Week 16;5180
40-50;Year 2022 Week 16;5178
50-60;Year 2022 Week 16;4995
60-70;Year 2022 Week 16;2342
70-80;Year 2022 Week 16;1220
80-;Year 2022 Week 16;1323
All ages;Year 2022 Week 16;26732
00-10;Year 2022 Week 17;387
10-20;Year 2022 Week 17;946
20-30;Year 2022 Week 17;2855
30-40;Year 2022 Week 17;3614
40-50;Year 2022 Week 17;3609
50-60;Year 2022 Week 17;3754
60-70;Year 2022 Week 17;1915
70-80;Year 2022 Week 17;1062
80-;Year 2022 Week 17;1029
All ages;Year 2022 Week 17;19171
00-10;Year 2022 Week 18;356
10-20;Year 2022 Week 18;891
20-30;Year 2022 Week 18;3026
30-40;Year 2022 Week 18;3294
40-50;Year 2022 Week 18;3216
50-60;Year 2022 Week 18;3485
60-70;Year 2022 Week 18;1661
70-80;Year 2022 Week 18;957
80-;Year 2022 Week 18;751
All ages;Year 2022 Week 18;17637
00-10;Year 2022 Week 19;297
10-20;Year 2022 Week 19;710
20-30;Year 2022 Week 19;2014
30-40;Year 2022 Week 19;2641
40-50;Year 2022 Week 19;2624
50-60;Year 2022 Week 19;3022
60-70;Year 2022 Week 19;1504
70-80;Year 2022 Week 19;864
80-;Year 2022 Week 19;717
All ages;Year 2022 Week 19;14393
00-10;Year 2022 Week 20;202
10-20;Year 2022 Week 20;492
20-30;Year 2022 Week 20;1501
30-40;Year 2022 Week 20;2056
40-50;Year 2022 Week 20;2171
50-60;Year 2022 Week 20;2482
60-70;Year 2022 Week 20;1208
70-80;Year 2022 Week 20;679
80-;Year 2022 Week 20;618
All ages;Year 2022 Week 20;11409
00-10;Year 2022 Week 21;199
10-20;Year 2022 Week 21;463
20-30;Year 2022 Week 21;1411
30-40;Year 2022 Week 21;1932
40-50;Year 2022 Week 21;2074
50-60;Year 2022 Week 21;2306
60-70;Year 2022 Week 21;1132
70-80;Year 2022 Week 21;703
80-;Year 2022 Week 21;529
All ages;Year 2022 Week 21;10749
00-10;Year 2022 Week 22;189
10-20;Year 2022 Week 22;411
20-30;Year 2022 Week 22;1736
30-40;Year 2022 Week 22;2002
40-50;Year 2022 Week 22;1999
50-60;Year 2022 Week 22;2337
60-70;Year 2022 Week 22;1219
70-80;Year 2022 Week 22;585
80-;Year 2022 Week 22;402
All ages;Year 2022 Week 22;10880
00-10;Year 2022 Week 23;181
10-20;Year 2022 Week 23;523
20-30;Year 2022 Week 23;1722
30-40;Year 2022 Week 23;1922
40-50;Year 2022 Week 23;1974
50-60;Year 2022 Week 23;2185
60-70;Year 2022 Week 23;1035
70-80;Year 2022 Week 23;565
80-;Year 2022 Week 23;373
All ages;Year 2022 Week 23;10480
00-10;Year 2022 Week 24;132
10-20;Year 2022 Week 24;460
20-30;Year 2022 Week 24;1688
30-40;Year 2022 Week 24;1910
40-50;Year 2022 Week 24;1972
50-60;Year 2022 Week 24;2296
60-70;Year 2022 Week 24;1123
70-80;Year 2022 Week 24;570
80-;Year 2022 Week 24;437
All ages;Year 2022 Week 24;10588
00-10;Year 2022 Week 25;169
10-20;Year 2022 Week 25;420
20-30;Year 2022 Week 25;1640
30-40;Year 2022 Week 25;1944
40-50;Year 2022 Week 25;1847
50-60;Year 2022 Week 25;2225
60-70;Year 2022 Week 25;1198
70-80;Year 2022 Week 25;569
80-;Year 2022 Week 25;435
All ages;Year 2022 Week 25;10447
00-10;Year 2022 Week 26;149
10-20;Year 2022 Week 26;586
20-30;Year 2022 Week 26;2283
30-40;Year 2022 Week 26;2081
40-50;Year 2022 Week 26;2212
50-60;Year 2022 Week 26;2591
60-70;Year 2022 Week 26;1351
70-80;Year 2022 Week 26;642
80-;Year 2022 Week 26;570
All ages;Year 2022 Week 26;12465
00-10;Year 2022 Week 27;164
10-20;Year 2022 Week 27;601
20-30;Year 2022 Week 27;2246
30-40;Year 2022 Week 27;2212
40-50;Year 2022 Week 27;2132
50-60;Year 2022 Week 27;2514
60-70;Year 2022 Week 27;1368
70-80;Year 2022 Week 27;647
80-;Year 2022 Week 27;637
All ages;Year 2022 Week 27;12521
00-10;Year 2022 Week 28;171
10-20;Year 2022 Week 28;837
20-30;Year 2022 Week 28;2561
30-40;Year 2022 Week 28;2534
40-50;Year 2022 Week 28;2626
50-60;Year 2022 Week 28;3113
60-70;Year 2022 Week 28;1640
70-80;Year 2022 Week 28;850
80-;Year 2022 Week 28;740
All ages;Year 2022 Week 28;15072
00-10;Year 2022 Week 29;258
10-20;Year 2022 Week 29;858
20-30;Year 2022 Week 29;3060
30-40;Year 2022 Week 29;3094
40-50;Year 2022 Week 29;3051
50-60;Year 2022 Week 29;3646
60-70;Year 2022 Week 29;1955
70-80;Year 2022 Week 29;959
80-;Year 2022 Week 29;842
All ages;Year 2022 Week 29;17723
00-10;Year 2022 Week 30;199
10-20;Year 2022 Week 30;785
20-30;Year 2022 Week 30;2611
30-40;Year 2022 Week 30;3048
40-50;Year 2022 Week 30;3039
50-60;Year 2022 Week 30;3463
60-70;Year 2022 Week 30;1871
70-80;Year 2022 Week 30;924
80-;Year 2022 Week 30;876
All ages;Year 2022 Week 30;16816
00-10;Year 2022 Week 31;228
10-20;Year 2022 Week 31;541
20-30;Year 2022 Week 31;2185
30-40;Year 2022 Week 31;2676
40-50;Year 2022 Week 31;2804
50-60;Year 2022 Week 31;3469
60-70;Year 2022 Week 31;1789
70-80;Year 2022 Week 31;875
80-;Year 2022 Week 31;926
All ages;Year 2022 Week 31;15493
00-10;Year 2022 Week 32;171
10-20;Year 2022 Week 32;448
20-30;Year 2022 Week 32;1744
30-40;Year 2022 Week 32;2153
40-50;Year 2022 Week 32;2302
50-60;Year 2022 Week 32;2892
60-70;Year 2022 Week 32;1575
70-80;Year 2022 Week 32;728
80-;Year 2022 Week 32;918
All ages;Year 2022 Week 32;12931
00-10;Year 2022 Week 33;215
10-20;Year 2022 Week 33;402
20-30;Year 2022 Week 33;1434
30-40;Year 2022 Week 33;1806
40-50;Year 2022 Week 33;1951
50-60;Year 2022 Week 33;2273
60-70;Year 2022 Week 33;1276
70-80;Year 2022 Week 33;582
80-;Year 2022 Week 33;724
All ages;Year 2022 Week 33;10663
00-10;Year 2022 Week 34;138
10-20;Year 2022 Week 34;248
20-30;Year 2022 Week 34;1000
30-40;Year 2022 Week 34;1241
40-50;Year 2022 Week 34;1328
50-60;Year 2022 Week 34;1620
60-70;Year 2022 Week 34;814
70-80;Year 2022 Week 34;397
80-;Year 2022 Week 34;526
All ages;Year 2022 Week 34;7312
00-10;Year 2022 Week 35;93
10-20;Year 2022 Week 35;181
20-30;Year 2022 Week 35;701
30-40;Year 2022 Week 35;1013
40-50;Year 2022 Week 35;1045
50-60;Year 2022 Week 35;1376
60-70;Year 2022 Week 35;666
70-80;Year 2022 Week 35;351
80-;Year 2022 Week 35;483
All ages;Year 2022 Week 35;5909
00-10;Year 2022 Week 36;73
10-20;Year 2022 Week 36;168
20-30;Year 2022 Week 36;843
30-40;Year 2022 Week 36;1109
40-50;Year 2022 Week 36;1268
50-60;Year 2022 Week 36;1589
60-70;Year 2022 Week 36;757
70-80;Year 2022 Week 36;400
80-;Year 2022 Week 36;606
All ages;Year 2022 Week 36;6813
00-10;Year 2022 Week 37;76
10-20;Year 2022 Week 37;221
20-30;Year 2022 Week 37;1050
30-40;Year 2022 Week 37;1463
40-50;Year 2022 Week 37;1566
50-60;Year 2022 Week 37;2096
60-70;Year 2022 Week 37;998
70-80;Year 2022 Week 37;528
80-;Year 2022 Week 37;819
All ages;Year 2022 Week 37;8817
00-10;Year 2022 Week 38;76
10-20;Year 2022 Week 38;196
20-30;Year 2022 Week 38;870
30-40;Year 2022 Week 38;1224
40-50;Year 2022 Week 38;1412
50-60;Year 2022 Week 38;2003
60-70;Year 2022 Week 38;1035
70-80;Year 2022 Week 38;599
80-;Year 2022 Week 38;882
All ages;Year 2022 Week 38;8297
00-10;Year 2022 Week 39;91
10-20;Year 2022 Week 39;233
20-30;Year 2022 Week 39;1074
30-40;Year 2022 Week 39;1595
40-50;Year 2022 Week 39;1985
50-60;Year 2022 Week 39;2551
60-70;Year 2022 Week 39;1242
70-80;Year 2022 Week 39;744
80-;Year 2022 Week 39;1137
All ages;Year 2022 Week 39;10652
00-10;Year 2022 Week 40;138
10-20;Year 2022 Week 40;281
20-30;Year 2022 Week 40;1300
30-40;Year 2022 Week 40;1922
40-50;Year 2022 Week 40;2337
50-60;Year 2022 Week 40;3029
60-70;Year 2022 Week 40;1442
70-80;Year 2022 Week 40;921
80-;Year 2022 Week 40;1441
All ages;Year 2022 Week 40;12811
00-10;Year 2022 Week 41;133
10-20;Year 2022 Week 41;331
20-30;Year 2022 Week 41;1454
30-40;Year 2022 Week 41;2218
40-50;Year 2022 Week 41;2421
50-60;Year 2022 Week 41;3304
60-70;Year 2022 Week 41;1590
70-80;Year 2022 Week 41;998
80-;Year 2022 Week 41;1534
All ages;Year 2022 Week 41;13983
00-10;Year 2022 Week 42;134
10-20;Year 2022 Week 42;280
20-30;Year 2022 Week 42;1325
30-40;Year 2022 Week 42;2077
40-50;Year 2022 Week 42;2298
50-60;Year 2022 Week 42;3108
60-70;Year 2022 Week 42;1513
70-80;Year 2022 Week 42;945
80-;Year 2022 Week 42;1475
All ages;Year 2022 Week 42;13155
00-10;Year 2022 Week 43;134
10-20;Year 2022 Week 43;322
20-30;Year 2022 Week 43;1438
30-40;Year 2022 Week 43;2034
40-50;Year 2022 Week 43;2257
50-60;Year 2022 Week 43;2976
60-70;Year 2022 Week 43;1486
70-80;Year 2022 Week 43;945
80-;Year 2022 Week 43;1350
All ages;Year 2022 Week 43;12942
00-10;Year 2022 Week 44;138
10-20;Year 2022 Week 44;309
20-30;Year 2022 Week 44;1270
30-40;Year 2022 Week 44;1837
40-50;Year 2022 Week 44;2007
50-60;Year 2022 Week 44;2726
60-70;Year 2022 Week 44;1431
70-80;Year 2022 Week 44;916
80-;Year 2022 Week 44;1361
All ages;Year 2022 Week 44;11995
00-10;Year 2022 Week 45;186
10-20;Year 2022 Week 45;315
20-30;Year 2022 Week 45;1317
30-40;Year 2022 Week 45;1939
40-50;Year 2022 Week 45;2114
50-60;Year 2022 Week 45;2694
60-70;Year 2022 Week 45;1500
70-80;Year 2022 Week 45;987
80-;Year 2022 Week 45;1412
All ages;Year 2022 Week 45;12464
00-10;Year 2022 Week 46;152
10-20;Year 2022 Week 46;320
20-30;Year 2022 Week 46;1359
30-40;Year 2022 Week 46;1919
40-50;Year 2022 Week 46;2171
50-60;Year 2022 Week 46;2659
60-70;Year 2022 Week 46;1368
70-80;Year 2022 Week 46;819
80-;Year 2022 Week 46;1179
All ages;Year 2022 Week 46;11946
00-10;Year 2022 Week 47;151
10-20;Year 2022 Week 47;284
20-30;Year 2022 Week 47;1296
30-40;Year 2022 Week 47;1883
40-50;Year 2022 Week 47;2086
50-60;Year 2022 Week 47;2563
60-70;Year 2022 Week 47;1394
70-80;Year 2022 Week 47;835
80-;Year 2022 Week 47;1196
All ages;Year 2022 Week 47;11688
00-10;Year 2022 Week 48;150
10-20;Year 2022 Week 48;265
20-30;Year 2022 Week 48;1354
30-40;Year 2022 Week 48;2049
40-50;Year 2022 Week 48;2127
50-60;Year 2022 Week 48;2765
60-70;Year 2022 Week 48;1363
70-80;Year 2022 Week 48;769
80-;Year 2022 Week 48;1143
All ages;Year 2022 Week 48;11985
00-10;Year 2022 Week 49;138
10-20;Year 2022 Week 49;267
20-30;Year 2022 Week 49;1386
30-40;Year 2022 Week 49;1931
40-50;Year 2022 Week 49;2133
50-60;Year 2022 Week 49;2617
60-70;Year 2022 Week 49;1391
70-80;Year 2022 Week 49;806
80-;Year 2022 Week 49;1122
All ages;Year 2022 Week 49;11791
00-10;Year 2022 Week 50;127
10-20;Year 2022 Week 50;246
20-30;Year 2022 Week 50;1214
30-40;Year 2022 Week 50;1625
40-50;Year 2022 Week 50;1760
50-60;Year 2022 Week 50;2215
60-70;Year 2022 Week 50;1261
70-80;Year 2022 Week 50;696
80-;Year 2022 Week 50;982
All ages;Year 2022 Week 50;10126
00-10;Year 2022 Week 51;103
10-20;Year 2022 Week 51;152
20-30;Year 2022 Week 51;706
30-40;Year 2022 Week 51;992
40-50;Year 2022 Week 51;1086
50-60;Year 2022 Week 51;1503
60-70;Year 2022 Week 51;893
70-80;Year 2022 Week 51;644
80-;Year 2022 Week 51;934
All ages;Year 2022 Week 51;7013
00-10;Year 2022 Week 52;108
10-20;Year 2022 Week 52;66
20-30;Year 2022 Week 52;424
30-40;Year 2022 Week 52;517
40-50;Year 2022 Week 52;555
50-60;Year 2022 Week 52;845
60-70;Year 2022 Week 52;512
70-80;Year 2022 Week 52;477
80-;Year 2022 Week 52;744
All ages;Year 2022 Week 52;4248
00-10;Year 2023 Week 01;44
10-20;Year 2023 Week 01;44
20-30;Year 2023 Week 01;233
30-40;Year 2023 Week 01;271
40-50;Year 2023 Week 01;272
50-60;Year 2023 Week 01;328
60-70;Year 2023 Week 01;269
70-80;Year 2023 Week 01;319
80-;Year 2023 Week 01;593
All ages;Year 2023 Week 01;2373
00-10;Year 2023 Week 02;33
10-20;Year 2023 Week 02;45
20-30;Year 2023 Week 02;107
30-40;Year 2023 Week 02;161
40-50;Year 2023 Week 02;123
50-60;Year 2023 Week 02;179
60-70;Year 2023 Week 02;140
70-80;Year 2023 Week 02;220
80-;Year 2023 Week 02;417
All ages;Year 2023 Week 02;1425
00-10;Year 2023 Week 03;22
10-20;Year 2023 Week 03;30
20-30;Year 2023 Week 03;52
30-40;Year 2023 Week 03;105
40-50;Year 2023 Week 03;67
50-60;Year 2023 Week 03;88
60-70;Year 2023 Week 03;103
70-80;Year 2023 Week 03;157
80-;Year 2023 Week 03;259
All ages;Year 2023 Week 03;883
00-10;Year 2023 Week 04;20
10-20;Year 2023 Week 04;22
20-30;Year 2023 Week 04;57
30-40;Year 2023 Week 04;82
40-50;Year 2023 Week 04;59
50-60;Year 2023 Week 04;91
60-70;Year 2023 Week 04;79
70-80;Year 2023 Week 04;113
80-;Year 2023 Week 04;170
All ages;Year 2023 Week 04;693
00-10;Year 2023 Week 05;17
10-20;Year 2023 Week 05;24
20-30;Year 2023 Week 05;55
30-40;Year 2023 Week 05;61
40-50;Year 2023 Week 05;66
50-60;Year 2023 Week 05;59
60-70;Year 2023 Week 05;61
70-80;Year 2023 Week 05;89
80-;Year 2023 Week 05;170
All ages;Year 2023 Week 05;602
00-10;Year 2023 Week 06;23
10-20;Year 2023 Week 06;16
20-30;Year 2023 Week 06;46
30-40;Year 2023 Week 06;55
40-50;Year 2023 Week 06;77
50-60;Year 2023 Week 06;78
60-70;Year 2023 Week 06;71
70-80;Year 2023 Week 06;96
80-;Year 2023 Week 06;127
All ages;Year 2023 Week 06;589
00-10;Year 2023 Week 07;19
10-20;Year 2023 Week 07;15
20-30;Year 2023 Week 07;48
30-40;Year 2023 Week 07;44
40-50;Year 2023 Week 07;66
50-60;Year 2023 Week 07;67
60-70;Year 2023 Week 07;57
70-80;Year 2023 Week 07;98
80-;Year 2023 Week 07;152
All ages;Year 2023 Week 07;566
00-10;Year 2023 Week 08;25
10-20;Year 2023 Week 08;10
20-30;Year 2023 Week 08;46
30-40;Year 2023 Week 08;64
40-50;Year 2023 Week 08;83
50-60;Year 2023 Week 08;88
60-70;Year 2023 Week 08;73
70-80;Year 2023 Week 08;109
80-;Year 2023 Week 08;192
All ages;Year 2023 Week 08;690
00-10;Year 2023 Week 09;30
10-20;Year 2023 Week 09;16
20-30;Year 2023 Week 09;61
30-40;Year 2023 Week 09;76
40-50;Year 2023 Week 09;72
50-60;Year 2023 Week 09;89
60-70;Year 2023 Week 09;81
70-80;Year 2023 Week 09;121
80-;Year 2023 Week 09;147
All ages;Year 2023 Week 09;693
00-10;Year 2023 Week 10;28
10-20;Year 2023 Week 10;23
20-30;Year 2023 Week 10;71
30-40;Year 2023 Week 10;67
40-50;Year 2023 Week 10;68
50-60;Year 2023 Week 10;91
60-70;Year 2023 Week 10;91
70-80;Year 2023 Week 10;130
80-;Year 2023 Week 10;203
All ages;Year 2023 Week 10;772
00-10;Year 2023 Week 11;34
10-20;Year 2023 Week 11;17
20-30;Year 2023 Week 11;59
30-40;Year 2023 Week 11;88
40-50;Year 2023 Week 11;104
50-60;Year 2023 Week 11;114
60-70;Year 2023 Week 11;110
70-80;Year 2023 Week 11;169
80-;Year 2023 Week 11;257
All ages;Year 2023 Week 11;952
00-10;Year 2023 Week 12;53
10-20;Year 2023 Week 12;33
20-30;Year 2023 Week 12;80
30-40;Year 2023 Week 12;116
40-50;Year 2023 Week 12;128
50-60;Year 2023 Week 12;131
60-70;Year 2023 Week 12;145
70-80;Year 2023 Week 12;237
80-;Year 2023 Week 12;318
All ages;Year 2023 Week 12;1241
00-10;Year 2023 Week 13;53
10-20;Year 2023 Week 13;35
20-30;Year 2023 Week 13;82
30-40;Year 2023 Week 13;124
40-50;Year 2023 Week 13;113
50-60;Year 2023 Week 13;138
60-70;Year 2023 Week 13;160
70-80;Year 2023 Week 13;248
80-;Year 2023 Week 13;436
All ages;Year 2023 Week 13;1389
00-10;Year 2023 Week 14;56
10-20;Year 2023 Week 14;23
20-30;Year 2023 Week 14;80
30-40;Year 2023 Week 14;127
40-50;Year 2023 Week 14;131
50-60;Year 2023 Week 14;150
60-70;Year 2023 Week 14;170
70-80;Year 2023 Week 14;302
80-;Year 2023 Week 14;534
All ages;Year 2023 Week 14;1573
00-10;Year 2023 Week 15;50
10-20;Year 2023 Week 15;23
20-30;Year 2023 Week 15;91
30-40;Year 2023 Week 15;133
40-50;Year 2023 Week 15;156
50-60;Year 2023 Week 15;185
60-70;Year 2023 Week 15;217
70-80;Year 2023 Week 15;379
80-;Year 2023 Week 15;637
All ages;Year 2023 Week 15;1871
00-10;Year 2023 Week 16;69
10-20;Year 2023 Week 16;27
20-30;Year 2023 Week 16;79
30-40;Year 2023 Week 16;135
40-50;Year 2023 Week 16;117
50-60;Year 2023 Week 16;163
60-70;Year 2023 Week 16;210
70-80;Year 2023 Week 16;380
80-;Year 2023 Week 16;657
All ages;Year 2023 Week 16;1837
00-10;Year 2023 Week 17;54
10-20;Year 2023 Week 17;28
20-30;Year 2023 Week 17;76
30-40;Year 2023 Week 17;115
40-50;Year 2023 Week 17;134
50-60;Year 2023 Week 17;173
60-70;Year 2023 Week 17;259
70-80;Year 2023 Week 17;421
80-;Year 2023 Week 17;689
All ages;Year 2023 Week 17;1949
00-10;Year 2023 Week 18;60
10-20;Year 2023 Week 18;26
20-30;Year 2023 Week 18;82
30-40;Year 2023 Week 18;96
40-50;Year 2023 Week 18;94
50-60;Year 2023 Week 18;137
60-70;Year 2023 Week 18;173
70-80;Year 2023 Week 18;356
80-;Year 2023 Week 18;584
All ages;Year 2023 Week 18;1608
00-10;Year 2023 Week 19;44
10-20;Year 2023 Week 19;18
20-30;Year 2023 Week 19;64
30-40;Year 2023 Week 19;76
40-50;Year 2023 Week 19;82
50-60;Year 2023 Week 19;120
60-70;Year 2023 Week 19;155
70-80;Year 2023 Week 19;315
80-;Year 2023 Week 19;589
All ages;Year 2023 Week 19;1463
00-10;Year 2023 Week 20;32
10-20;Year 2023 Week 20;12
20-30;Year 2023 Week 20;35
30-40;Year 2023 Week 20;43
40-50;Year 2023 Week 20;55
50-60;Year 2023 Week 20;84
60-70;Year 2023 Week 20;132
70-80;Year 2023 Week 20;298
80-;Year 2023 Week 20;519
All ages;Year 2023 Week 20;1210
00-10;Year 2023 Week 21;8
10-20;Year 2023 Week 21;5
20-30;Year 2023 Week 21;14
30-40;Year 2023 Week 21;21
40-50;Year 2023 Week 21;14
50-60;Year 2023 Week 21;27
60-70;Year 2023 Week 21;39
70-80;Year 2023 Week 21;66
80-;Year 2023 Week 21;115
All ages;Year 2023 Week 21;309
